username,password
james,jamespass
mary,marypass
john,johnpass
michael,michaelpass
jennifer,jenniferpass
elizabeth,elizabethpass
william,williampass
david,davidpass
richard,richardpass
jessica,jessicapass
matthew,matthewpass
charles,charlespass
sarah,sarahpass
anthony,anthonypass
ashley,ashleypass
steven,stevenpass
andrew,andrewpass
kevin,kevinpass
michelle,michellepass
emily,emilypass
brian,brianpass
jason,jasonpass
mark,markpass
amy,amypass
eric,ericpass
samantha,samanthapass
jonathan,jonathanpass
ryan,ryanpass
brandon,brandonpass
isabella,isabellapass